<?xml version="1.0" ?>
<RunBasics>
    <HighestPDG>Highest P(D|G) Values
        <Head>Locus  P(D|G)</Head>
        <Data>
            <Row>0 -24.3375</Row>
            <Row>1 -22.8331</Row>
            <Row>2 -16.7795</Row>
            <Row>3 -9.56988</Row>
            <Row>4 -13.8138</Row>
            <Row>5 -15.3535</Row>
            <Row>6 -19.0045</Row>
            <Row>7 -30.1472</Row>
            <Row>8 -18.7837</Row>
            <Row>9 -20.5965</Row>
            <Row>10 -14.5478</Row>
            <Row>11 -21.7377</Row>
            <Row>12 -15.0157</Row>
            <Row>13 -28.8951</Row>
            <Row>14 -10.4771</Row>
            <Row>15 -21.3909</Row>
            <Row>16 -14.8874</Row>
            <Row>17 -13.5335</Row>
            <Row>18 -7.17042</Row>
            <Row>19 -13.0086</Row>
            <Row>20 -18.9839</Row>
            <Row>21 -18.367</Row>
            <Row>22 -2.54236</Row>
            <Row>23 -20.3745</Row>
            <Row>24 -17.1375</Row>
            <Row>25 -25.0562</Row>
            <Row>26 -27.4901</Row>
            <Row>27 -22.6338</Row>
            <Row>28 -24.7698</Row>
            <Row>29 -30.7667</Row>
            <Row>30 -28.6681</Row>
            <Row>31 -33.8161</Row>
            <Row>32 -31.8597</Row>
            <Row>33 -48.2027</Row>
            <Row>34 -37.8175</Row>
            <Row>35 -27.1115</Row>
            <Row>36 -42.4451</Row>
            <Row>37 -44.7486</Row>
            <Row>38 -34.6793</Row>
            <Row>39 -31.8828</Row>
            <Row>40 -52.2594</Row>
            <Row>41 -29.5018</Row>
            <Row>42 -41.8734</Row>
            <Row>43 -39.8241</Row>
        </Data>
    </HighestPDG>
    <AcceptanceRates>
        <UpdateRates>Update Rates -- Population Splitting Times
            <Head>NielsenWakeley  RannalaYang  </Head>
            <Subhead>#Tries  #Accp  %</Subhead>
            <Data>
                <Row>_t0  5.04e3  1.70e1  0.337637  4.96e3  5.90e2  11.8856  </Row>
            </Data>
        </UpdateRates>
        <UpdateRates>Update Rates -- Genealogies
            <Head>branch       topology     tmrca        </Head>
            <Subhead>#Tries  #Accp  %</Subhead>
            <Data>
                <Row>_gtree_0  1.00e4  3.90e3  39.0039  1.00e4  1.40e3  13.9614  1.00e4  4.03e2  4.0304  </Row>
                <Row>_gtree_1  1.00e4  4.60e3  45.9646  1.00e4  1.30e3  12.9613  1.00e4  4.14e2  4.14041  </Row>
                <Row>_gtree_2  1.00e4  3.34e3  33.4533  1.00e4  1.63e3  16.3016  1.00e4  3.21e2  3.21032  </Row>
                <Row>_gtree_3  1.00e4  5.72e3  57.2057  1.00e4  2.78e3  27.8228  1.00e4  3.86e2  3.86039  </Row>
                <Row>_gtree_4  1.00e4  4.19e3  41.9242  1.00e4  2.05e3  20.482  1.00e4  3.59e2  3.59036  </Row>
                <Row>_gtree_5  1.00e4  5.11e3  51.1251  1.00e4  2.30e3  22.9823  1.00e4  3.80e2  3.80038  </Row>
                <Row>_gtree_6  1.00e4  4.68e3  46.8047  1.00e4  1.64e3  16.4416  1.00e4  4.17e2  4.17042  </Row>
                <Row>_gtree_7  1.00e4  3.45e3  34.4734  1.00e4  5.30e2  5.30053  1.00e4  3.30e2  3.30033  </Row>
                <Row>_gtree_8  1.00e4  5.10e3  51.0151  1.00e4  2.21e3  22.0722  1.00e4  3.54e2  3.54035  </Row>
                <Row>_gtree_9  1.00e4  3.78e3  37.7838  1.00e4  1.30e3  13.0513  1.00e4  3.54e2  3.54035  </Row>
                <Row>_gtree_10  1.00e4  3.57e3  35.6836  1.00e4  1.41e3  14.1414  1.00e4  3.54e2  3.54035  </Row>
                <Row>_gtree_11  1.00e4  4.74e3  47.4347  1.00e4  1.96e3  19.572  1.00e4  3.74e2  3.74037  </Row>
                <Row>_gtree_12  1.00e4  4.48e3  44.8345  1.00e4  2.25e3  22.4922  1.00e4  3.59e2  3.59036  </Row>
                <Row>_gtree_13  1.00e4  4.34e3  43.3943  1.00e4  1.44e3  14.4214  1.00e4  3.12e2  3.12031  </Row>
                <Row>_gtree_14  1.00e4  4.87e3  48.6949  1.00e4  2.51e3  25.1425  1.00e4  3.59e2  3.59036  </Row>
                <Row>_gtree_15  1.00e4  4.15e3  41.4741  1.00e4  1.62e3  16.2516  1.00e4  3.62e2  3.62036  </Row>
                <Row>_gtree_16  1.00e4  4.21e3  42.1442  1.00e4  1.71e3  17.0617  1.00e4  3.35e2  3.35034  </Row>
                <Row>_gtree_17  1.00e4  3.72e3  37.1537  1.00e4  1.85e3  18.4918  1.00e4  2.95e2  2.9503  </Row>
                <Row>_gtree_18  1.00e4  4.34e3  43.4543  1.00e4  2.52e3  25.1525  1.00e4  3.50e2  3.50035  </Row>
                <Row>_gtree_19  1.00e4  4.56e3  45.6046  1.00e4  2.09e3  20.9221  1.00e4  3.22e2  3.22032  </Row>
                <Row>_gtree_20  1.00e4  4.36e3  43.5744  1.00e4  1.70e3  17.0317  1.00e4  3.94e2  3.94039  </Row>
                <Row>_gtree_21  1.00e4  3.89e3  38.9439  1.00e4  1.53e3  15.3115  1.00e4  3.31e2  3.31033  </Row>
                <Row>_gtree_22  1.00e4  4.49e3  44.9445  1.00e4  2.66e3  26.6327  1.00e4  3.83e2  3.83038  </Row>
                <Row>_gtree_23  1.00e4  4.97e3  49.745  1.00e4  1.60e3  16.0116  1.00e4  3.91e2  3.91039  </Row>
                <Row>_gtree_24  1.00e4  5.02e3  50.215  1.00e4  2.30e3  23.0323  1.00e4  3.40e2  3.40034  </Row>
                <Row>_gtree_25  1.00e4  5.01e3  50.095  1.00e4  1.92e3  19.1519  1.00e4  3.58e2  3.58036  </Row>
                <Row>_gtree_26  1.00e4  4.78e3  47.7648  1.00e4  1.30e3  12.9613  1.00e4  4.16e2  4.16042  </Row>
                <Row>_gtree_27  1.00e4  4.43e3  44.3244  1.00e4  2.10e3  20.9521  1.00e4  1.86e2  1.86019  </Row>
                <Row>_gtree_28  1.00e4  3.70e3  36.9637  1.00e4  1.88e3  18.8519  1.00e4  1.67e2  1.67017  </Row>
                <Row>_gtree_29  1.00e4  3.11e3  31.0831  1.00e4  1.45e3  14.5415  1.00e4  1.88e2  1.88019  </Row>
                <Row>_gtree_30  1.00e4  4.58e3  45.8546  1.00e4  2.24e3  22.4122  1.00e4  1.66e2  1.66017  </Row>
                <Row>_gtree_31  1.00e4  4.49e3  44.9045  1.00e4  2.32e3  23.2423  1.00e4  1.62e2  1.62016  </Row>
                <Row>_gtree_32  1.00e4  4.26e3  42.5643  1.00e4  2.15e3  21.5222  1.00e4  1.65e2  1.65017  </Row>
                <Row>_gtree_33  1.00e4  2.67e3  26.7027  1.00e4  9.06e2  9.06091  1.00e4  1.64e2  1.64016  </Row>
                <Row>_gtree_34  1.00e4  3.34e3  33.3933  1.00e4  1.20e3  12.0512  1.00e4  1.99e2  1.9902  </Row>
                <Row>_gtree_35  1.00e4  4.27e3  42.7343  1.00e4  2.20e3  21.9922  1.00e4  2.07e2  2.07021  </Row>
                <Row>_gtree_36  1.00e4  3.88e3  38.7639  1.00e4  1.61e3  16.1316  1.00e4  1.78e2  1.78018  </Row>
                <Row>_gtree_37  1.00e4  3.06e3  30.5631  1.00e4  1.05e3  10.5111  1.00e4  1.90e2  1.90019  </Row>
                <Row>_gtree_38  1.00e4  4.13e3  41.3241  1.00e4  1.78e3  17.7818  1.00e4  2.51e2  2.51025  </Row>
                <Row>_gtree_39  1.00e4  3.86e3  38.6239  1.00e4  1.61e3  16.0716  1.00e4  1.55e2  1.55016  </Row>
                <Row>_gtree_40  1.00e4  2.91e3  29.0729  1.00e4  1.15e3  11.4811  1.00e4  1.51e2  1.51015  </Row>
                <Row>_gtree_41  1.00e4  4.35e3  43.5244  1.00e4  1.88e3  18.7519  1.00e4  2.31e2  2.31023  </Row>
                <Row>_gtree_42  1.00e4  3.57e3  35.7436  1.00e4  1.96e3  19.592  1.00e4  1.33e2  1.33013  </Row>
                <Row>_gtree_43  1.00e4  3.49e3  34.9035  1.00e4  1.05e3  10.471  1.00e4  2.27e2  2.27023  </Row>
            </Data>
        </UpdateRates>
        <UpdateRates>Update Rates -- Mutation Rate Scalars
            <Head>scalar update  </Head>
            <Subhead>#Tries  #Accp  %</Subhead>
            <Data>
                <Row>_0u   4.09e3  3.65e3  89.0572  </Row>
                <Row>_1u   4.01e3  3.52e3  87.7897  </Row>
                <Row>_2u   4.05e3  3.54e3  87.5062  </Row>
                <Row>_3u   4.11e3  3.67e3  89.2267  </Row>
                <Row>_4u   3.97e3  3.52e3  88.7853  </Row>
                <Row>_5u   3.93e3  3.46e3  88.002  </Row>
                <Row>_6u   4.02e3  3.57e3  88.9  </Row>
                <Row>_7u   3.96e3  3.44e3  86.781  </Row>
                <Row>_8u   3.99e3  3.55e3  88.9892  </Row>
                <Row>_9u   3.95e3  3.47e3  87.8259  </Row>
                <Row>_10u   3.96e3  3.46e3  87.4115  </Row>
                <Row>_11u   4.03e3  3.51e3  87.128  </Row>
                <Row>_12u   4.03e3  3.55e3  88.0923  </Row>
                <Row>_13u   4.01e3  3.50e3  87.1699  </Row>
                <Row>_14u   4.05e3  3.63e3  89.6518  </Row>
                <Row>_15u   4.08e3  3.59e3  88.0549  </Row>
                <Row>_16u   3.98e3  3.54e3  88.9809  </Row>
                <Row>_17u   3.86e3  3.40e3  88.1088  </Row>
                <Row>_18u   4.04e3  3.61e3  89.3043  </Row>
                <Row>_19u   4.03e3  3.60e3  89.4541  </Row>
                <Row>_20u   4.06e3  3.54e3  87.201  </Row>
                <Row>_21u   3.89e3  3.45e3  88.6317  </Row>
                <Row>_22u   3.89e3  3.47e3  89.1087  </Row>
                <Row>_23u   3.99e3  3.52e3  88.0511  </Row>
                <Row>_24u   4.01e3  3.56e3  88.6839  </Row>
                <Row>_25u   3.95e3  3.51e3  88.9564  </Row>
                <Row>_26u   3.94e3  3.40e3  86.3994  </Row>
                <Row>_27u   3.98e3  3.55e3  89.1179  </Row>
                <Row>_28u   4.02e3  3.55e3  88.3802  </Row>
                <Row>_29u   4.04e3  3.48e3  86.1958  </Row>
                <Row>_30u   4.04e3  3.56e3  87.9852  </Row>
                <Row>_31u   3.99e3  3.44e3  86.3271  </Row>
                <Row>_32u   4.00e3  3.54e3  88.6693  </Row>
                <Row>_33u   4.05e3  3.46e3  85.3971  </Row>
                <Row>_34u   4.00e3  3.44e3  86.068  </Row>
                <Row>_35u   4.11e3  3.57e3  86.9343  </Row>
                <Row>_36u   3.98e3  3.43e3  86.1481  </Row>
                <Row>_37u   4.01e3  3.41e3  85.1159  </Row>
                <Row>_38u   3.99e3  3.43e3  85.8788  </Row>
                <Row>_39u   4.07e3  3.53e3  86.7665  </Row>
                <Row>_40u   3.95e3  3.30e3  83.4853  </Row>
                <Row>_41u   4.04e3  3.54e3  87.4783  </Row>
                <Row>_42u   3.91e3  3.29e3  84.088  </Row>
                <Row>_43u   3.92e3  3.40e3  86.7958  </Row>
            </Data>
        </UpdateRates>
    </AcceptanceRates>
    <CurrentVals>
        <ValTable>Current Splitting Time Values
            <Head>Time   Value</Head>
            <Data>
                <Row>t0  0.670  </Row>
            </Data>
        </ValTable>
        <ValTable>Current Locus Likelihoods and Mutation Rate Scalars
            <Head>Locus#    p(D|G)     u  </Head>
            <Data>
                <Row>0       -28.7     1.583</Row>
                <Row>1       -24.8     1.293</Row>
                <Row>2       -20.5     1.712</Row>
                <Row>3       -12.3    0.3592</Row>
                <Row>4       -15.3      1.06</Row>
                <Row>5       -22.8     1.899</Row>
                <Row>6       -24.8    0.6467</Row>
                <Row>7       -35.4     1.065</Row>
                <Row>8       -26.4     1.149</Row>
                <Row>9         -29    0.6636</Row>
                <Row>10       -19.9    0.6519</Row>
                <Row>11       -26.6     2.321</Row>
                <Row>12       -22.8      1.93</Row>
                <Row>13       -34.9     1.425</Row>
                <Row>14       -16.4    0.2629</Row>
                <Row>15       -25.4     1.396</Row>
                <Row>16       -16.1    0.8408</Row>
                <Row>17       -18.7     1.053</Row>
                <Row>18       -9.28    0.3514</Row>
                <Row>19       -17.4    0.9377</Row>
                <Row>20       -27.3    0.5976</Row>
                <Row>21       -22.6     1.033</Row>
                <Row>22       -3.94    0.1597</Row>
                <Row>23       -25.4    0.8445</Row>
                <Row>24       -23.4    0.7856</Row>
                <Row>25       -28.6    0.7432</Row>
                <Row>26       -32.5     1.395</Row>
                <Row>27         -29    0.8195</Row>
                <Row>28       -27.3    0.7436</Row>
                <Row>29       -35.3    0.8137</Row>
                <Row>30       -41.7    0.6399</Row>
                <Row>31       -40.4     1.082</Row>
                <Row>32       -36.7     0.737</Row>
                <Row>33       -53.6      2.35</Row>
                <Row>34       -44.1     1.832</Row>
                <Row>35       -32.1    0.8338</Row>
                <Row>36       -54.5     1.379</Row>
                <Row>37       -51.3     3.326</Row>
                <Row>38       -40.9    0.7729</Row>
                <Row>39         -39    0.5162</Row>
                <Row>40       -58.7     1.849</Row>
                <Row>41       -35.5     1.457</Row>
                <Row>42       -50.5     2.674</Row>
                <Row>43       -50.4     2.077</Row>
            </Data>
        </ValTable>
    </CurrentVals>
    <MVC>Means, Variances, and Correlations of parameters
        <Head>Parameter  q0  q1  q2  m0&gt;1  m1&gt;0  </Head>
        <Data>
            <Row>Mean  5.104  2.907  5.057  0.344  0.445  </Row>
            <Row>Stdev  0.947  0.348  2.382  0.324  0.271  </Row>
            <Row>q0-cor  -    0.607$  -0.682$  -0.746$  -0.647$  </Row>
            <Row>q1-cor  0.607$  -    -0.671$  -0.666$  -0.694$  </Row>
            <Row>q2-cor  -0.682$  -0.671$  -    0.912*  0.906*  </Row>
            <Row>m0&gt;1-cor  -0.746$  -0.666$  0.912*  -    0.853*  </Row>
            <Row>m1&gt;0-cor  -0.647$  -0.694$  0.906*  0.853*  -    </Row>
        </Data>
    </MVC>
</RunBasics>
